newID,StartDate,EndDate,Status,Progress,Duration (in seconds),Finished,RecordedDate,UserLanguage,Q_RecaptchaScore,consent,future_help1_1,future_rude1_1,pol_cate1,likelyfriends1,future_help2_1,future_rude2_1,pol_cate2,likelyfriends2,future_help3_1,future_rude3_1,pol_cate3,likelyfriends3,future_help4_1,future_rude4_1,pol_cate4,likelyfriends4,num_surveys,attention,democrat_warm_1,republican_warm_1,race,age,birth,conserv,liberal,social_issues,polid
28ece507-467c-43e3-a573-98e17d2d05b8,2023-12-09 15:51:48,2023-12-09 15:52:14,0,100,26,1,2023-12-09 15:52:14,EN,1,1,,,,,,,,,25,64,6,4,,,,,,2,,,,,,,,,1
e904cfa7-3c63-42e9-819c-76206a39bbaa,2023-12-09 15:59:11,2023-12-09 16:01:44,0,100,153,1,2023-12-09 16:01:45,EN,0.8999999761581421,1,,,,,49,39,5,2,,,,,,,,,15,2,64,12,1,39,1,1,6,2,1
acc81f0b-2063-471c-916a-583e85a86936,2023-12-09 16:01:53,2023-12-09 16:02:42,0,100,48,1,2023-12-09 16:02:42,EN,0.8999999761581421,1,60,27,4,3,,,,,,,,,,,,,7,1,65,65,1,24,1,4,4,3,3
7de6356a-3b9e-4b44-ad48-40a0d41b00a9,2023-12-09 15:59:39,2023-12-09 16:04:04,0,100,264,1,2023-12-09 16:04:04,EN,0.699999988079071,1,50,50,7,4,,,,,,,,,,,,,20,2,50,50,4,26,1,3,7,1,3
d7f01ee3-5086-47fb-bd31-6bb7fdbfe320,2023-12-09 16:04:07,2023-12-09 16:05:09,0,100,62,1,2023-12-09 16:05:10,EN,0.800000011920929,1,,,,,76,2,5,4,,,,,,,,,60,2,40,60,1,37,1,5,2,4,2
95225d6d-041c-4868-bf64-bfb12876392d,2023-12-09 16:01:54,2023-12-09 16:05:17,0,100,202,1,2023-12-09 16:05:18,EN,1,1,,,,,,,,,80,80,5,2,,,,,3,2,90,30,4,24,1,2,6,1,1
773e5326-1f77-43b3-9aad-0151aebdee94,2023-12-09 16:05:42,2023-12-09 16:07:09,0,100,86,1,2023-12-09 16:07:10,EN,1,1,32,77,7,3,,,,,,,,,,,,,40,2,71,52,1,41,1,3,6,2,1
d8239309-7fec-44e8-bcf1-28f21f4e7ee5,2023-12-09 16:05:27,2023-12-09 16:07:24,0,100,116,1,2023-12-09 16:07:24,EN,0.8999999761581421,1,,,,,,,,,,,,,80,92,2,2,4,2,,,6,33,1,4,4,3,3
9684b8a3-2a7f-4c78-9498-3357dd14f15e,2023-12-09 16:06:46,2023-12-09 16:08:33,0,100,106,1,2023-12-09 16:08:33,EN,0.8999999761581421,1,,,,,29,40,4,3,,,,,,,,,5,2,75,59,4,33,1,5,2,3,3
b26e8d41-cb31-4aea-b237-c26ae4e92111,2023-12-09 16:06:29,2023-12-09 16:09:04,0,100,155,1,2023-12-09 16:09:05,EN,0.8999999761581421,1,,,,,,,,,,,,,93,90,5,3,5,2,40,61,1,26,1,5,3,4,3
2c59daad-81e0-4e18-9286-71806a21af56,2023-12-09 16:06:55,2023-12-09 16:10:27,0,100,212,1,2023-12-09 16:10:28,EN,1,1,,,,,,,,,75,45,5,2,,,,,10,2,70,15,1,20,1,1,6,1,1
449b68df-5caf-4eb7-a7db-375ce9f27c76,2023-12-09 16:09:20,2023-12-09 16:11:03,0,100,102,1,2023-12-09 16:11:03,EN,1,1,,,,,,,,,71,20,6,3,,,,,10,2,50,59,1,29,1,6,3,4,2
c0b9462f-2ed6-4db7-822a-0732c0c2fc96,2023-12-09 16:08:35,2023-12-09 16:11:31,0,100,176,1,2023-12-09 16:11:32,EN,1,1,,,,,,,,,,,,,9,91,2,1,2,3,36,20,4,49,2,3,5,2,1
be384294-ada1-4c59-9a6a-35c0252652b6,2023-12-09 16:09:36,2023-12-09 16:12:00,0,100,144,1,2023-12-09 16:12:01,EN,1,1,50,50,5,4,,,,,,,,,,,,,10,2,84,30,1,33,1,2,6,2,1
1b9b5b6c-b868-4124-aab7-4c756bbc12a8,2023-12-09 16:09:53,2023-12-09 16:13:22,0,100,209,1,2023-12-09 16:13:23,EN,0.699999988079071,1,,,,,70,50,7,3,,,,,,,,,250,2,50,0,1,48,1,1,5,2,3
8a09f9b0-e615-43f8-917e-9b8c4929ee48,2023-12-09 16:12:14,2023-12-09 16:14:14,0,100,119,1,2023-12-09 16:14:14,EN,0.699999988079071,1,,,,,,,,,40,80,4,3,,,,,20,2,45,55,1,52,1,5,3,4,3
e1f6c687-5d8e-499c-80a5-2dbffd6ea95a,2023-12-09 16:14:01,2023-12-09 16:15:59,0,100,117,1,2023-12-09 16:16:00,EN,0.8999999761581421,1,,,,,,,,,,,,,76,31,6,3,4,2,77,22,1,26,1,7,7,1,1
3f62d88c-3fcb-41c2-ae3b-070e485fa633,2023-12-09 16:14:17,2023-12-09 16:18:02,0,100,225,1,2023-12-09 16:18:03,EN,1,1,31,70,4,1,,,,,,,,,,,,,25,2,89,0,2,23,1,1,6,1,1
470474c7-eb94-484c-91ca-d2eacde40d65,2023-12-09 16:14:24,2023-12-09 16:18:22,0,100,237,1,2023-12-09 16:18:23,EN,0.8999999761581421,1,70,80,4,2,,,,,,,,,,,,,100,2,85,5,2,55,1,1,7,1,1
6e779f5b-cd19-4a1d-a543-07db7577948b,2023-12-09 16:17:17,2023-12-09 16:19:08,0,100,110,1,2023-12-09 16:19:09,EN,0.800000011920929,1,,,,,,,,,100,89,4,3,,,,,5,2,100,0,2,34,1,4,4,3,1
0371d75b-326f-47e1-bb1c-c1394c1ba9a0,2023-12-09 16:13:21,2023-12-09 16:19:08,0,100,347,1,2023-12-09 16:19:09,EN,0.4000000059604645,1,,,,,26,21,2,1,,,,,,,,,40,2,27,23,2,32,1,4,4,3,3
c1bd8f14-25f2-4356-bdfe-d60f80099c54,2023-12-09 16:18:23,2023-12-09 16:19:41,0,100,78,1,2023-12-09 16:19:42,EN,1,1,,,,,60,60,5,1,,,,,,,,,100,2,5,0,1,34,1,1,6,1,1
ef2c92ef-ef64-491e-8bb2-4dce6cae6ce6,2023-12-09 16:17:34,2023-12-09 16:19:54,0,100,139,1,2023-12-09 16:19:54,EN,0.8999999761581421,1,,,,,70,80,6,3,,,,,,,,,4,2,77,30,2,22,1,4,4,3,1
aaa3e9f4-bfa8-4f87-9e2d-1f14bd460a05,2023-12-09 16:17:59,2023-12-09 16:20:02,0,100,123,1,2023-12-09 16:20:03,EN,1,1,,,,,,,,,,,,,71,64,4,3,5,2,50,11,1,38,1,1,6,1,3
f0c500c6-c9c6-42db-a824-88d7edca4fd1,2023-12-09 16:17:26,2023-12-09 16:20:23,0,100,176,1,2023-12-09 16:20:23,EN,0.8999999761581421,1,41,82,2,2,,,,,,,,,,,,,20,2,7,18,1,47,1,5,3,4,2
9f5b54be-5ba1-42b8-b243-a61381a44478,2023-12-09 16:16:52,2023-12-09 16:20:26,0,100,213,1,2023-12-09 16:20:27,EN,0.8999999761581421,1,,,,,,,,,,,,,22,60,5,4,12,2,95,,6,41,1,4,4,4,1
0f09e66f-a5bb-48bd-b0b1-b68950bb2f65,2023-12-09 16:19:17,2023-12-09 16:21:09,0,100,111,1,2023-12-09 16:21:09,EN,1,1,,,,,,,,,,,,,57,62,4,2,5,2,17,57,1,41,1,6,1,4,2
eb6c95b7-1f89-4e23-8d31-f4f5f5736180,2023-12-09 16:18:20,2023-12-09 16:21:10,0,100,170,1,2023-12-09 16:21:11,EN,0.800000011920929,1,,,,,,,,,89,77,4,1,,,,,63,2,85,27,1,43,1,1,6,2,1
fbd2b914-3f68-4d59-a880-4d3d2f43e7ed,2023-12-09 16:20:09,2023-12-09 16:22:14,0,100,125,1,2023-12-09 16:22:15,EN,0.699999988079071,1,,,,,,,,,80,90,5,4,,,,,5,2,50,50,1,28,1,4,4,3,3
e21bbc39-f986-401f-ab45-94401519708b,2023-12-09 16:19:47,2023-12-09 16:22:20,0,100,153,1,2023-12-09 16:22:21,EN,1,1,,,,,74,60,8,1,,,,,,,,,10,2,55,45,5,21,1,1,7,1,3
80d145dd-93ce-4c2f-939a-71cd02d6f06c,2023-12-09 16:20:37,2023-12-09 16:23:01,0,100,143,1,2023-12-09 16:23:02,EN,0.8999999761581421,1,,,,,,,,,,,,,50,50,4,3,20,2,50,50,1,33,1,5,2,4,2
760820cf-8bdb-4cbe-b251-f94f5978eb14,2023-12-09 16:22:00,2023-12-09 16:23:34,0,100,93,1,2023-12-09 16:23:34,EN,1,1,90,58,5,3,,,,,,,,,,,,,25,2,61,23,4,31,2,3,5,2,1
3068b01c-6a77-4012-8340-13da0e605ec7,2023-12-09 16:23:34,2023-12-09 16:25:05,0,100,90,1,2023-12-09 16:25:06,EN,0.800000011920929,1,,,,,,,,,84,33,5,2,,,,,3,2,55,59,1,33,1,3,3,3,3
3274569d-3f83-4840-93a5-249df8f863af,2023-12-09 16:22:17,2023-12-09 16:25:14,0,100,177,1,2023-12-09 16:25:15,EN,,1,,,,,,,,,28,66,7,1,,,,,10,2,16,63,1,51,1,5,1,4,3
6bc43653-8f64-4c30-93ae-bd272ae621a0,2023-12-09 16:25:35,2023-12-09 16:27:20,0,100,105,1,2023-12-09 16:27:21,EN,0.4000000059604645,1,,,,,70,70,6,2,,,,,,,,,50,2,20,20,4,28,1,5,5,2,1
bd7e085a-cf3c-47f4-a0eb-75f24916eec5,2023-12-09 16:27:10,2023-12-09 16:28:25,0,100,75,1,2023-12-09 16:28:25,EN,1,1,65,63,5,3,,,,,,,,,,,,,25,2,81,65,6,22,1,4,4,2,1
df47e215-f3dd-41cb-be9b-3c7ec81b2573,2023-12-09 16:26:50,2023-12-09 16:28:49,0,100,118,1,2023-12-09 16:28:50,EN,0.8999999761581421,1,,,,,,,,,75,40,5,3,,,,,10,2,50,50,1,27,1,2,6,1,3
fcf22dda-35a5-4b67-a74e-084ddacf132c,2023-12-09 16:21:34,2023-12-09 16:28:51,0,100,436,1,2023-12-09 16:28:51,EN,0.8999999761581421,1,,,,,30,75,7,1,,,,,,,,,9,2,30,30,1,19,1,4,3,3,3
a8993160-adbb-4501-ba89-a9e90b65aa2d,2023-12-09 16:25:45,2023-12-09 16:28:51,0,100,186,1,2023-12-09 16:28:51,EN,0.8999999761581421,1,,,,,,,,,,,,,80,85,3,3,30,2,90,40,1,30,1,1,6,2,3
9748e29a-614e-41b2-b29f-81b00920eb9e,2023-12-09 16:27:14,2023-12-09 16:29:07,0,100,113,1,2023-12-09 16:29:07,EN,1,1,,,,,50,50,5,2,,,,,,,,,15,2,60,30,4,27,1,2,6,2,1
8cd75fc1-e036-4818-a3db-6b7637c87ff8,2023-12-09 16:28:20,2023-12-09 16:29:33,0,100,73,1,2023-12-09 16:29:34,EN,1,1,,,,,,,,,79,33,6,4,,,,,50,1,76,9,4,31,1,2,6,2,1
ed1aac61-618d-4278-b35b-b87586c3eb40,2023-12-09 16:27:41,2023-12-09 16:29:34,0,100,113,1,2023-12-09 16:29:35,EN,1,1,,,,,,,,,82,86,6,2,,,,,5,2,49,50,1,21,1,5,3,4,2
ec31eeb4-5e82-4a15-9236-8bb7d138d2fa,2023-12-09 16:22:45,2023-12-09 16:29:42,0,100,416,1,2023-12-09 16:29:42,EN,0.800000011920929,1,50,70,7,3,,,,,,,,,,,,,135,2,40,30,1,70,1,5,3,4,3
985dc264-5ccc-4817-9ffe-148dfb0252da,2023-12-09 16:27:18,2023-12-09 16:30:04,0,100,166,1,2023-12-09 16:30:05,EN,1,1,,,,,,,,,,,,,80,60,3,3,15,2,75,85,1,43,1,5,3,4,2
ade0ac6a-a89b-4a88-b12c-057be5559683,2023-12-09 16:26:25,2023-12-09 16:30:06,0,100,221,1,2023-12-09 16:30:07,EN,1,1,,,,,71,54,6,2,,,,,,,,,100,2,11,91,1,58,1,2,6,1,1
6eec047a-d54e-4750-8f90-396e5ec22c6b,2023-12-09 16:27:59,2023-12-09 16:30:29,0,100,150,1,2023-12-09 16:30:29,EN,0.699999988079071,1,80,80,4,4,,,,,,,,,,,,,15,2,11,45,1,43,1,5,4,3,3
8d1349b8-0446-418c-b438-e8e8d8f26061,2023-12-09 16:27:58,2023-12-09 16:30:30,0,100,152,1,2023-12-09 16:30:31,EN,1,1,,,,,30,70,4,3,,,,,,,,,10,2,50,10,1,23,1,2,6,1,1
e55f7c3d-feab-4bfc-acaa-e7dd58287f3c,2023-12-09 16:26:20,2023-12-09 16:30:32,0,100,251,1,2023-12-09 16:30:32,EN,1,1,60,85,6,2,,,,,,,,,,,,,20,2,60,0,4,38,2,1,6,1,1
e7ff5f4f-ed0c-41ef-b849-b6be85c54be0,2023-12-09 16:27:52,2023-12-09 16:30:38,0,100,166,1,2023-12-09 16:30:38,EN,0.8999999761581421,1,,,,,,,,,,,,,71,69,4,3,45,2,61,27,1,30,1,2,6,1,1
549bf4a4-1f6b-428c-bb3b-385c379baf96,2023-12-09 16:28:43,2023-12-09 16:30:44,0,100,121,1,2023-12-09 16:30:45,EN,1,1,,,,,60,40,6,2,,,,,,,,,15,2,58,28,1,32,1,2,5,2,1
beeaa4a7-b81f-4f34-b962-c902f2a74062,2023-12-09 16:28:59,2023-12-09 16:30:52,0,100,113,1,2023-12-09 16:30:52,EN,0.4000000059604645,1,,,,,,,,,62,67,6,3,,,,,40,2,50,50,4,19,1,4,4,3,3
910f5949-3dcd-4a03-b828-72d4e53f15c3,2023-12-09 16:28:46,2023-12-09 16:31:00,0,100,133,1,2023-12-09 16:31:01,EN,1,1,,,,,50,71,5,3,,,,,,,,,6,2,84,10,1,28,1,1,7,1,1
5621b16a-cfed-41d7-baad-fe06d81ed823,2023-12-09 16:28:21,2023-12-09 16:31:28,0,100,186,1,2023-12-09 16:31:28,EN,,1,,,,,,,,,,,,,65,65,4,2,20,2,20,40,1,41,1,5,2,3,2
560d21f0-c035-4d04-8efc-5b3c3aa424c2,2023-12-09 16:30:21,2023-12-09 16:31:52,0,100,91,1,2023-12-09 16:31:53,EN,0.699999988079071,1,,,,,,,,,,,,,85,10,5,3,10,2,50,50,1,27,1,2,5,1,4
f2190ad2-c3b7-4c7e-8646-45cdabc75f5a,2023-12-09 16:28:51,2023-12-09 16:32:10,0,100,199,1,2023-12-09 16:32:11,EN,0.8999999761581421,1,41,60,2,3,,,,,,,,,,,,,50,2,52,6,2,49,1,5,4,3,3
2cc9f841-fe43-45d7-a2ac-42ea80819d7d,2023-12-09 16:29:18,2023-12-09 16:32:15,0,100,177,1,2023-12-09 16:32:15,EN,0.8999999761581421,1,,,,,,,,,,,,,75,33,3,1,,2,100,0,2,28,1,1,7,1,1
889fe00f-35c3-43cd-8433-61a5f2ab39c7,2023-12-09 16:27:15,2023-12-09 16:32:38,0,100,322,1,2023-12-09 16:32:38,EN,0.8999999761581421,1,50,50,6,2,,,,,,,,,,,,,30,2,45,40,1,71,1,3,6,2,1
dd9d3e29-5a7a-4f47-b82f-11a1797feed5,2023-12-09 16:31:19,2023-12-09 16:32:39,0,100,80,1,2023-12-09 16:32:40,EN,0.699999988079071,1,,,,,,,,,,,,,70,60,6,3,20,2,80,0,1,26,1,1,7,1,4
6e234892-dc0b-4bb4-b181-29b25d7b6945,2023-12-09 16:31:04,2023-12-09 16:32:46,0,100,102,1,2023-12-09 16:32:47,EN,0.8999999761581421,1,,,,,,,,,70,60,8,3,,,,,20,2,60,0,4,23,2,1,6,2,1
909768bc-5d1a-4556-8f0e-3bd268a0d2f1,2023-12-09 16:30:27,2023-12-09 16:33:10,0,100,162,1,2023-12-09 16:33:10,EN,1,1,90,71,5,3,,,,,,,,,,,,,7,2,80,50,1,54,1,3,5,2,3
2851db01-6de3-4d8f-9b41-2c1e0ee02e85,2023-12-09 16:31:09,2023-12-09 16:33:17,0,100,128,1,2023-12-09 16:33:17,EN,1,1,,,,,,,,,,,,,50,50,8,1,15,2,50,50,1,43,1,4,4,3,3
69187634-187c-48e3-9819-cb7db4b0a767,2023-12-09 16:30:36,2023-12-09 16:33:22,0,100,165,1,2023-12-09 16:33:22,EN,1,1,,,,,82,70,4,3,,,,,,,,,100,2,96,49,2,32,1,3,6,2,3
8a7eefff-cbb7-4910-9335-06bb5db81aa2,2023-12-09 16:26:01,2023-12-09 16:33:22,0,100,441,1,2023-12-09 16:33:23,EN,0.8999999761581421,1,,,,,,,,,,,,,50,50,4,2,10,2,50,50,2,50,1,5,3,4,2
9b82fd1c-48ef-4187-98bb-b537746a991f,2023-12-09 16:31:50,2023-12-09 16:33:22,0,100,92,1,2023-12-09 16:33:23,EN,0.8999999761581421,1,,,,,,,,,,,,,59,63,6,2,14,2,55,40,4,35,1,3,4,3,3
8051378c-fad9-46f8-ac00-9bc19da76bbe,2023-12-09 16:31:12,2023-12-09 16:33:24,0,100,132,1,2023-12-09 16:33:25,EN,0.8999999761581421,1,,,,,100,50,7,3,,,,,,,,,10,2,0,0,1,25,1,4,4,3,3
147680c5-0790-4b97-8153-e4f1f2b0d027,2023-12-09 16:31:44,2023-12-09 16:33:45,0,100,121,1,2023-12-09 16:33:46,EN,0.8999999761581421,1,,,,,,,,,60,70,3,2,,,,,15,2,55,50,1,20,1,5,3,4,2
782b2686-624c-4f58-8188-880293f20f1d,2023-12-09 16:29:29,2023-12-09 16:33:56,0,100,266,1,2023-12-09 16:33:57,EN,0.8999999761581421,1,,,,,80,35,3,4,,,,,,,,,15,2,70,80,4,25,2,5,3,4,2
55b05e4e-55a7-4874-af5f-bcc7e87de3bd,2023-12-09 16:32:25,2023-12-09 16:33:57,0,100,91,1,2023-12-09 16:33:57,EN,0.8999999761581421,1,,,,,,,,,35,73,1,4,,,,,100,2,20,72,1,49,1,6,1,5,2
83c98b77-94f8-4577-9531-c4aa4c175d9a,2023-12-09 16:28:53,2023-12-09 16:34:11,0,100,317,1,2023-12-09 16:34:12,EN,0.8999999761581421,1,,,,,,,,,90,90,5,3,,,,,10,2,65,15,1,38,1,2,6,2,3
3cdab0b3-4f81-4a25-af44-fed0525457e0,2023-12-09 16:30:23,2023-12-09 16:34:17,0,100,233,1,2023-12-09 16:34:18,EN,1,1,,,,,50,50,4,3,,,,,,,,,1000,2,50,50,1,35,1,6,2,4,2
a1f55858-fa85-4ea5-816d-370255eac8af,2023-12-09 16:32:02,2023-12-09 16:34:23,0,100,140,1,2023-12-09 16:34:23,EN,1,1,,,,,,,,,,,,,60,50,3,2,50,2,75,25,1,27,1,1,7,1,1
7b2c9beb-ca49-4267-a020-6c95855365b0,2023-12-09 16:32:40,2023-12-09 16:34:37,0,100,117,1,2023-12-09 16:34:38,EN,0.8999999761581421,1,50,60,4,3,,,,,,,,,,,,,50,2,10,50,5,41,1,7,1,5,2
146e5c8e-1c43-46d9-8976-3f7ada7ab823,2023-12-09 16:31:41,2023-12-09 16:34:43,0,100,181,1,2023-12-09 16:34:43,EN,0.8999999761581421,1,85,25,6,3,,,,,,,,,,,,,30,2,75,60,4,23,1,4,5,2,3
77bd3da5-bacd-47d5-ae8b-2eaa1cc1524d,2023-12-09 16:32:30,2023-12-09 16:34:56,0,100,146,1,2023-12-09 16:34:57,EN,0.8999999761581421,1,90,50,6,2,,,,,,,,,,,,,6,2,72,30,1,58,1,3,5,1,1
5bd303a5-416f-48a2-b793-097b7fb4d0b3,2023-12-09 16:33:49,2023-12-09 16:34:59,0,100,70,1,2023-12-09 16:35:00,EN,0.800000011920929,1,,,,,,,,,,,,,71,18,6,5,5,2,81,11,1,24,1,2,6,1,1
01e5f904-bbe3-49c8-8d28-f493c34615c6,2023-12-09 16:31:19,2023-12-09 16:35:00,0,100,221,1,2023-12-09 16:35:01,EN,0.699999988079071,1,50,85,6,3,,,,,,,,,,,,,15,2,25,100,5,24,1,1,5,1,1
70057806-aeb7-498f-b387-7b1dc638c286,2023-12-09 16:29:53,2023-12-09 16:35:26,0,100,332,1,2023-12-09 16:35:26,EN,0.8999999761581421,1,50,50,7,2,,,,,,,,,,,,,5,4,71,71,1,50,1,5,4,4,3
7894997c-a0a0-448e-81ad-3964b725da34,2023-12-09 16:33:51,2023-12-09 16:35:37,0,100,105,1,2023-12-09 16:35:37,EN,0.8999999761581421,1,,,,,,,,,50,50,6,2,,,,,40,2,50,50,1,31,1,4,4,3,3
3fc4c6c8-395a-42cd-86db-1764aafeee68,2023-12-09 16:34:06,2023-12-09 16:35:46,0,100,99,1,2023-12-09 16:35:46,EN,0.8999999761581421,1,,,,,,,,,70,30,7,3,,,,,15,2,58,0,1,26,1,7,1,1,4
a943db33-8219-4cb8-987e-731c4eb062fe,2023-12-09 16:34:36,2023-12-09 16:36:33,0,100,117,1,2023-12-09 16:36:33,EN,0.8999999761581421,1,69,88,1,2,,,,,,,,,,,,,20,2,90,0,2,54,1,6,6,4,1
3107ccd9-2590-4780-b0c9-6f52246b4ff1,2023-12-09 16:33:57,2023-12-09 16:36:40,0,100,163,1,2023-12-09 16:36:40,EN,0.8999999761581421,1,,,,,,,,,,,,,40,92,7,4,15,2,100,0,1,29,1,1,7,1,1
cfe2435f-0f15-4a2e-8903-4b4ed8646e02,2023-12-09 16:34:12,2023-12-09 16:36:43,0,100,151,1,2023-12-09 16:36:43,EN,0.4000000059604645,1,,,,,75,61,4,3,,,,,,,,,70,2,50,50,1,34,1,4,4,3,4
f13f5520-5af5-40cd-8d10-54b9af7b19fb,2023-12-09 16:33:50,2023-12-09 16:36:45,0,100,174,1,2023-12-09 16:36:45,EN,1,1,30,70,7,3,,,,,,,,,,,,,12,2,80,10,1,23,1,1,5,1,4
aa812d26-81b0-431b-a4ef-ae8e306bf5d7,2023-12-09 16:34:54,2023-12-09 16:36:46,0,100,112,1,2023-12-09 16:36:47,EN,1,1,,,,,71,40,6,2,,,,,,,,,10,2,50,50,1,28,1,3,3,3,3
312e0b3d-f792-45f2-a49c-f183c8e70766,2023-12-09 16:35:16,2023-12-09 16:37:05,0,100,109,1,2023-12-09 16:37:06,EN,0.10000000149011612,1,,,,,,,,,75,71,2,2,,,,,20,2,81,8,1,30,1,1,6,1,1
bb8dcd0b-2157-49c2-890f-cc1c2746fbf0,2023-12-09 16:30:15,2023-12-09 16:37:09,0,100,413,1,2023-12-09 16:37:09,EN,1,1,,,,,,,,,70,85,7,2,,,,,50,2,25,82,5,37,1,6,3,5,2
dbf76f09-6635-4d6c-aa5e-92c1f4c8dff2,2023-12-09 16:35:29,2023-12-09 16:37:16,0,100,106,1,2023-12-09 16:37:17,EN,0.8999999761581421,1,50,50,5,3,,,,,,,,,,,,,20,2,91,14,1,27,1,2,6,2,1
0d26123c-4872-4179-97e4-d05bb0420207,2023-12-09 16:35:28,2023-12-09 16:37:23,0,100,115,1,2023-12-09 16:37:24,EN,0.8999999761581421,1,,,,,40,65,6,2,,,,,,,,,35,2,88,20,1,24,1,1,7,1,1
3ee0eae2-2ac6-46bb-b36c-f4140d51cb46,2023-12-09 16:33:34,2023-12-09 16:37:27,0,100,232,1,2023-12-09 16:37:27,EN,0.8999999761581421,1,,,,,,,,,,,,,86,86,5,2,25,2,10,90,1,42,1,5,6,2,3
88fc08ec-a3b2-4b1f-9f25-de691f5e31f2,2023-12-09 16:19:23,2023-12-09 16:37:29,0,100,1086,1,2023-12-09 16:37:29,EN,0.4000000059604645,1,72,35,4,3,,,,,,,,,,,,,5,2,50,20,1,31,1,2,5,2,1
9abb2a27-5a77-4459-99d0-12a5b613f03d,2023-12-09 16:36:21,2023-12-09 16:37:35,0,100,74,1,2023-12-09 16:37:36,EN,1,1,,,,,,,,,,,,,60,57,7,1,10,2,32,41,1,28,1,5,5,3,3
f69ab9f0-dc11-4a88-b51f-8ab8acc70215,2023-12-09 16:34:42,2023-12-09 16:37:39,0,100,176,1,2023-12-09 16:37:39,EN,0.8999999761581421,1,,,,,,,,,60,40,3,2,,,,,50,2,60,20,1,35,1,2,5,3,3
73812ae3-d438-498b-9390-1cce7e28ca80,2023-12-09 16:34:55,2023-12-09 16:37:40,0,100,164,1,2023-12-09 16:37:40,EN,0.8999999761581421,1,,,,,56,78,4,3,,,,,,,,,10,1,0,93,1,26,1,2,7,1,1
0c63fe2d-f154-413f-a8e3-b3f17670f232,2023-12-09 16:35:48,2023-12-09 16:37:49,0,100,120,1,2023-12-09 16:37:49,EN,1,1,,,,,,,,,59,52,5,2,,,,,12,2,95,6,1,34,1,1,7,1,1
932db297-fb79-467d-88f6-31ab68938ef4,2023-12-09 16:36:09,2023-12-09 16:37:56,0,100,106,1,2023-12-09 16:37:57,EN,0.8999999761581421,1,,,,,80,65,2,2,,,,,,,,,100,2,56,73,1,20,1,4,4,3,3
660125c0-7919-4577-941a-d11eb5d1838a,2023-12-09 16:36:01,2023-12-09 16:38:03,0,100,122,1,2023-12-09 16:38:04,EN,0.8999999761581421,1,,,,,,,,,,,,,54,65,3,2,10,2,39,29,1,21,1,2,5,2,1
6a71a053-a540-4c0e-9d21-08b2d55e2e21,2023-12-09 16:36:23,2023-12-09 16:38:08,0,100,104,1,2023-12-09 16:38:09,EN,0.8999999761581421,1,,,,,,,,,49,50,4,3,,,,,30,2,81,7,1,59,1,2,7,2,3
dd8d386f-0c83-42f0-b751-1607dfe2361a,2023-12-09 16:35:26,2023-12-09 16:38:33,0,100,186,1,2023-12-09 16:38:33,EN,0.8999999761581421,1,,,,,,,,,,,,,60,60,7,3,1,2,30,50,2,25,1,4,4,3,2
72d61d18-2b06-47f5-80ee-9b832f02426a,2023-12-09 16:33:48,2023-12-09 16:38:33,0,100,284,1,2023-12-09 16:38:34,EN,1,1,,,,,98,78,1,2,,,,,,,,,33,2,54,42,2,42,1,4,1,3,3
a78c6b52-43c1-4190-8f4b-0bdc3e4e4562,2023-12-09 16:36:29,2023-12-09 16:38:42,0,100,133,1,2023-12-09 16:38:43,EN,0.8999999761581421,1,,,,,,,,,70,60,5,3,,,,,10,2,50,10,1,27,1,1,7,1,3
db04aa20-0d2e-4038-8ead-367eb9653b6c,2023-12-09 16:38:14,2023-12-09 16:39:27,0,100,73,1,2023-12-09 16:39:28,EN,0.800000011920929,1,,,,,,,,,45,37,4,2,,,,,100,2,10,54,1,30,1,4,4,3,3
ed974a8a-eec3-469f-ab5c-c2db6dfdb1e9,2023-12-09 16:37:32,2023-12-09 16:39:44,0,100,132,1,2023-12-09 16:39:44,EN,1,1,,,,,,,,,,,,,81,70,6,3,23,2,80,20,5,18,1,2,6,1,3
21b67abf-30b9-46cc-a1db-da8306a63eee,2023-12-09 16:37:03,2023-12-09 16:39:52,0,100,169,1,2023-12-09 16:39:53,EN,0.8999999761581421,1,40,100,5,3,,,,,,,,,,,,,100,2,80,0,1,28,1,1,7,1,1
40b92349-dd8e-424c-a95b-8481ba9afd12,2023-12-09 16:38:37,2023-12-09 16:40:22,0,100,105,1,2023-12-09 16:40:23,EN,0.8999999761581421,1,,,,,,,,,,,,,50,70,5,3,20,2,25,75,1,41,1,6,2,4,2
eb0b8d0a-e16d-40fc-a8e4-a56525e9f794,2023-12-09 16:38:00,2023-12-09 16:40:34,0,100,154,1,2023-12-09 16:40:35,EN,1,1,70,90,6,5,,,,,,,,,,,,,25,2,70,30,1,24,1,2,6,1,3
a4de9450-82e5-4429-be5f-483a9dedb881,2023-12-09 16:39:06,2023-12-09 16:40:36,0,100,90,1,2023-12-09 16:40:37,EN,0.8999999761581421,1,,,,,70,35,1,4,,,,,,,,,10,2,1,99,1,26,1,4,1,5,2
c2abe44c-1212-4b9a-be1e-fccd958ee544,2023-12-09 16:38:51,2023-12-09 16:40:43,0,100,112,1,2023-12-09 16:40:44,EN,0.8999999761581421,1,70,21,5,3,,,,,,,,,,,,,50,2,50,60,1,35,1,5,4,3,3
e903d156-fe95-4d72-a16e-9ceeca4010e6,2023-12-09 16:35:55,2023-12-09 16:41:02,0,100,307,1,2023-12-09 16:41:02,EN,0.8999999761581421,1,,,,,,,,,,,,,60,40,7,2,10,2,50,50,2,42,1,6,3,3,4
a305e0be-39d9-4dde-98df-0ef588894173,2023-12-09 16:36:40,2023-12-09 16:41:12,0,100,272,1,2023-12-09 16:41:13,EN,1,1,,,,,85,65,5,4,,,,,,,,,10,2,80,80,1,29,1,5,5,4,2
df8b1c94-48fd-43b8-ad79-833ecd00c42e,2023-12-09 16:36:56,2023-12-09 16:41:13,0,100,257,1,2023-12-09 16:41:13,EN,0.800000011920929,1,,,,,70,30,7,3,,,,,,,,,40,2,18,89,1,52,1,6,2,4,2
1662d89b-e064-4445-8325-a31017ec8ee4,2023-12-09 16:27:03,2023-12-09 16:41:29,0,100,865,1,2023-12-09 16:41:29,EN,0.8999999761581421,1,,,,,,,,,100,100,4,5,,,,,30,2,70,70,4,68,2,5,5,3,3
95c3065f-6af0-4a8e-9e6f-e52206af61e8,2023-12-09 16:39:38,2023-12-09 16:41:33,0,100,115,1,2023-12-09 16:41:34,EN,0.8999999761581421,1,,,,,,,,,,,,,40,60,3,1,25,2,0,0,1,27,1,1,6,2,1
177c284c-91cf-447c-9871-6f11357537ce,2023-12-09 16:40:11,2023-12-09 16:42:14,0,100,123,1,2023-12-09 16:42:15,EN,0.8999999761581421,1,,,,,,,,,74,55,5,3,,,,,50,2,30,0,1,21,1,1,2,1,1
328ffe9b-94ff-4873-9469-f5aafbf8b990,2023-12-09 16:38:36,2023-12-09 16:42:25,0,100,228,1,2023-12-09 16:42:25,EN,0.8999999761581421,1,,,,,,,,,37,75,7,1,,,,,20,2,60,15,2,38,1,1,6,1,1
467cacba-06c1-4970-8c36-01803339b034,2023-12-09 16:39:02,2023-12-09 16:42:25,0,100,203,1,2023-12-09 16:42:26,EN,0.8999999761581421,1,80,85,5,1,,,,,,,,,,,,,20,2,50,50,2,20,1,5,3,3,4
a0c085b1-5a17-48ef-9ec5-03237c2787d5,2023-12-09 16:40:37,2023-12-09 16:42:26,0,100,108,1,2023-12-09 16:42:26,EN,1,1,,,,,,,,,60,30,8,1,,,,,15,2,50,50,1,33,1,4,4,2,3
c92493fd-f1ae-4fb5-be37-c9c6c35fcf25,2023-12-09 16:36:33,2023-12-09 16:42:39,0,100,366,1,2023-12-09 16:42:40,EN,0.8999999761581421,1,60,66,7,2,,,,,,,,,,,,,50,2,0,50,5,28,1,5,5,2,3
1e291864-78c1-4951-a45c-15eab6b83bde,2023-12-09 16:41:33,2023-12-09 16:43:33,0,100,120,1,2023-12-09 16:43:34,EN,0.5,1,,,,,59,55,6,2,,,,,,,,,20,2,60,21,2,38,1,5,5,3,3
606fed58-af8e-4e85-a6d7-e775cd69c301,2023-12-09 16:41:20,2023-12-09 16:43:51,0,100,150,1,2023-12-09 16:43:51,EN,0.8999999761581421,1,,,,,,,,,,,,,78,64,6,2,10,2,33,48,2,21,1,5,3,3,3
01d109b3-53cf-428d-8053-bda3b459d610,2023-12-09 16:39:19,2023-12-09 16:43:52,0,100,272,1,2023-12-09 16:43:52,EN,0.8999999761581421,1,79,20,5,4,,,,,,,,,,,,,25,2,90,70,2,40,1,4,4,1,1
9ac373c4-397c-4e10-90cd-b662d70e4c1f,2023-12-09 16:43:09,2023-12-09 16:44:19,0,100,70,1,2023-12-09 16:44:20,EN,0.8999999761581421,1,,,,,,,,,81,25,6,4,,,,,20,2,84,52,5,24,1,3,6,2,1
6c1ec60b-3588-4244-97e4-42e79dcb5485,2023-12-09 16:40:19,2023-12-09 16:44:27,0,100,247,1,2023-12-09 16:44:27,EN,1,1,,,,,,,,,40,50,6,2,,,,,10,2,1,1,1,23,1,5,3,4,3
b7fa666e-9448-40ee-a899-334eb936bce9,2023-12-09 16:42:48,2023-12-09 16:44:28,0,100,99,1,2023-12-09 16:44:28,EN,1,1,40,70,5,2,,,,,,,,,,,,,5,2,60,10,1,24,1,1,5,1,1
d6ac7e30-481e-482d-9945-b6d42f3f5851,2023-12-09 16:43:10,2023-12-09 16:44:36,0,100,86,1,2023-12-09 16:44:37,EN,0.30000001192092896,1,,,,,,,,,64,34,5,2,,,,,20,2,55,24,1,35,1,3,5,2,1
ba517a46-3547-481d-85cf-005220caf7a5,2023-12-09 16:32:03,2023-12-09 16:44:43,0,100,760,1,2023-12-09 16:44:44,EN,0.8999999761581421,1,,,,,80,30,2,2,,,,,,,,,10,2,80,80,2,48,1,5,5,3,3
76ef6258-2a2b-47cf-a2fa-cf853836ff42,2023-12-09 16:41:00,2023-12-09 16:44:48,0,100,228,1,2023-12-09 16:44:49,EN,0.8999999761581421,1,,,,,,,,,,,,,59,60,5,3,2,2,82,41,1,57,1,2,6,2,1
17c93920-1466-40d0-b4fe-39203dbe8097,2023-12-09 16:43:15,2023-12-09 16:45:15,0,100,119,1,2023-12-09 16:45:15,EN,0.8999999761581421,1,75,50,5,3,,,,,,,,,,,,,60,2,30,50,1,49,1,6,3,3,2
f6be3dde-d5ed-4868-a7be-2d60328e0eae,2023-12-09 16:40:08,2023-12-09 16:45:17,0,100,309,1,2023-12-09 16:45:18,EN,1,1,,,,,50,50,4,2,,,,,,,,,8,2,90,0,2,20,1,1,7,1,1
e55c8f58-b63d-4dd2-bdd2-7086bbce86d6,2023-12-09 16:42:53,2023-12-09 16:45:18,0,100,145,1,2023-12-09 16:45:18,EN,0.8999999761581421,1,,,,,,,,,,,,,70,30,5,2,20,2,80,0,5,27,1,1,7,1,1
ff355727-6144-48b9-9610-dcf20d56e0fb,2023-12-09 16:43:45,2023-12-09 16:45:46,0,100,120,1,2023-12-09 16:45:46,EN,0.8999999761581421,1,,,,,,,,,70,70,7,3,,,,,50,2,39,10,2,23,1,4,6,1,1
ce81e99f-98bc-4ec0-a3b7-bb5dc8c0ebc3,2023-12-09 16:43:43,2023-12-09 16:45:49,0,100,125,1,2023-12-09 16:45:49,EN,0.8999999761581421,1,,,,,,,,,92,50,6,3,,,,,10,2,92,50,1,37,1,1,6,2,1
c0a62660-af00-49a2-a000-54f7a05ba418,2023-12-09 16:43:13,2023-12-09 16:45:50,0,100,156,1,2023-12-09 16:45:50,EN,1,1,,,,,,,,,,,,,50,40,4,3,50,2,89,53,5,35,1,4,4,3,1
fd49a18b-aa51-4b6e-b9a9-3283f8608c96,2023-12-09 16:43:58,2023-12-09 16:45:53,0,100,114,1,2023-12-09 16:45:54,EN,0.8999999761581421,1,,,,,,,,,,,,,65,65,4,3,10,2,50,0,1,25,1,1,5,1,1
6263f3cc-80b9-4c4d-b235-4ded851c69b0,2023-12-09 16:43:15,2023-12-09 16:46:01,0,100,165,1,2023-12-09 16:46:01,EN,0.800000011920929,1,25,75,3,2,,,,,,,,,,,,,15,2,90,10,1,45,1,1,6,2,3
150ecdf9-ca25-4e80-b697-6149eb3ff7d5,2023-12-09 16:43:02,2023-12-09 16:46:08,0,100,186,1,2023-12-09 16:46:09,EN,0.8999999761581421,1,,,,,50,50,4,2,,,,,,,,,50,2,85,13,6,33,1,4,4,3,3
a9eb992d-fdfb-4a87-865b-107cd7d70a24,2023-12-09 16:43:53,2023-12-09 16:46:09,0,100,136,1,2023-12-09 16:46:10,EN,0.8999999761581421,1,,,,,73,78,7,4,,,,,,,,,30,2,71,10,4,37,1,1,6,1,1
1454de8b-3d70-4d8a-95c3-0d1f29d7cdb8,2023-12-09 16:43:51,2023-12-09 16:46:19,0,100,148,1,2023-12-09 16:46:20,EN,0.8999999761581421,1,,,,,,,,,0,25,8,2,,,,,8,2,9,59,5,30,1,6,1,4,2
fe67599f-e124-4f97-9356-3d51229f9859,2023-12-09 16:44:00,2023-12-09 16:46:28,0,100,147,1,2023-12-09 16:46:29,EN,0.699999988079071,1,35,60,4,2,,,,,,,,,,,,,25,2,35,15,1,23,1,1,7,1,1
718ba5a6-f415-48eb-85dc-e5a143207dc9,2023-12-09 16:45:24,2023-12-09 16:46:37,0,100,72,1,2023-12-09 16:46:37,EN,0.800000011920929,1,71,50,4,2,,,,,,,,,,,,,5,2,61,6,4,18,1,1,6,1,3
177c9f4d-bf9a-460a-83c4-390f48b3e332,2023-12-09 16:43:20,2023-12-09 16:46:41,0,100,201,1,2023-12-09 16:46:42,EN,0.8999999761581421,1,,,,,,,,,,,,,84,87,5,2,15,2,15,7,1,53,1,1,4,1,3
dec081fe-73cd-4e68-adc2-581e60f14c67,2023-12-09 16:43:28,2023-12-09 16:46:47,0,100,199,1,2023-12-09 16:46:48,EN,0.8999999761581421,1,,,,,25,90,6,3,,,,,,,,,20,2,60,49,1,29,1,3,5,2,1
6dda05c9-0ef1-4ee6-8784-1e7adc15ed7d,2023-12-09 16:44:46,2023-12-09 16:46:51,0,100,125,1,2023-12-09 16:46:52,EN,0.8999999761581421,1,,,,,75,50,7,1,,,,,,,,,75,2,50,49,5,28,1,4,4,3,3
65e4c4a9-8dfd-4fd4-a48f-60e2a693f119,2023-12-09 16:44:18,2023-12-09 16:46:52,0,100,154,1,2023-12-09 16:46:53,EN,0.8999999761581421,1,86,39,6,2,,,,,,,,,,,,,45,2,50,50,1,38,1,5,7,2,1
c4d0e481-7e95-470b-b6c8-501b80ded58b,2023-12-09 16:45:38,2023-12-09 16:46:59,0,100,81,1,2023-12-09 16:47:00,EN,1,1,,,,,,,,,37,57,5,3,,,,,15,2,42,27,1,25,1,2,5,2,1
1c20f46e-f1b0-4635-a607-713a5051eac4,2023-12-09 16:44:52,2023-12-09 16:47:06,0,100,134,1,2023-12-09 16:47:06,EN,0.8999999761581421,1,,,,,,,,,,,,,80,60,1,3,50,2,50,50,4,26,1,4,4,3,1
87a7a537-553f-45b0-876a-487cc565fe27,2023-12-09 16:44:40,2023-12-09 16:47:08,0,100,148,1,2023-12-09 16:47:09,EN,1,1,,,,,,,,,,,,,75,65,6,3,200,2,70,20,4,28,1,3,6,2,1
861f746a-97f2-4ed2-b412-33437975c0e9,2023-12-09 16:44:32,2023-12-09 16:47:11,0,100,158,1,2023-12-09 16:47:11,EN,0.8999999761581421,1,75,25,6,3,,,,,,,,,,,,,75,1,50,10,1,41,1,4,4,2,3
be72c21c-8cf5-42f1-9b8f-783926a78781,2023-12-09 16:37:02,2023-12-09 16:47:18,0,100,616,1,2023-12-09 16:47:19,EN,0.8999999761581421,1,,,,,44,79,1,3,,,,,,,,,15,3,59,61,2,22,1,4,4,2,3
afb416df-9293-4b1e-921a-4816051278d0,2023-12-09 16:42:56,2023-12-09 16:47:30,0,100,274,1,2023-12-09 16:47:31,EN,1,1,,,,,50,50,5,3,,,,,,,,,25,2,20,100,1,25,1,2,6,1,1
4d4667e9-1063-4eed-9fef-fe57ceb4ee51,2023-12-09 16:45:49,2023-12-09 16:47:54,0,100,124,1,2023-12-09 16:47:54,EN,0.8999999761581421,1,,,,,60,40,5,3,,,,,,,,,25,2,65,15,1,41,1,1,5,1,1
dd6cf992-13d6-494f-a34a-f63a6aac2dc8,2023-12-09 16:46:46,2023-12-09 16:47:56,0,100,69,1,2023-12-09 16:47:57,EN,0.8999999761581421,1,,,,,,,,,,,,,70,50,4,2,2,2,50,50,5,29,1,4,4,3,3
232da5d5-fb9a-4f30-89be-d40171abb88c,2023-12-09 16:42:45,2023-12-09 16:47:58,0,100,312,1,2023-12-09 16:47:59,EN,0.8999999761581421,1,,,,,,,,,,,,,90,20,2,2,10,2,88,38,1,68,1,1,6,2,1
0e10a34f-5a16-412d-a769-89a4f9d0b29c,2023-12-09 16:46:51,2023-12-09 16:48:03,0,100,71,1,2023-12-09 16:48:03,EN,0.8999999761581421,1,77,11,3,3,,,,,,,,,,,,,50,2,35,61,1,46,1,6,2,4,2
6c2fefaf-9427-4213-9937-5b93ca09fe79,2023-12-09 16:43:55,2023-12-09 16:48:15,0,100,260,1,2023-12-09 16:48:15,EN,0.8999999761581421,1,,,,,40,71,1,1,,,,,,,,,15,2,49,49,5,24,1,4,4,3,3
638edd66-0c79-4ca2-9074-568197867a44,2023-12-09 16:44:43,2023-12-09 16:48:26,0,100,222,1,2023-12-09 16:48:26,EN,0.8999999761581421,1,,,,,,,,,50,90,7,2,,,,,30,2,80,0,2,75,1,1,6,2,1
8d0c22b8-bf3d-422e-b086-c525ce47b97c,2023-12-09 16:46:53,2023-12-09 16:48:30,0,100,96,1,2023-12-09 16:48:30,EN,1,1,50,70,2,2,,,,,,,,,,,,,20,2,50,10,1,22,1,2,6,2,1
5a7aac47-f325-42ff-9040-3c52d00d607c,2023-12-09 16:45:54,2023-12-09 16:48:49,0,100,174,1,2023-12-09 16:48:50,EN,0.8999999761581421,1,,,,,,,,,,,,,71,39,4,1,50,2,29,0,4,40,1,1,7,1,3
36387df1-b9e2-4d1c-9a40-60b57493be18,2023-12-09 16:40:51,2023-12-09 16:49:09,0,100,497,1,2023-12-09 16:49:09,EN,1,1,40,59,5,3,,,,,,,,,,,,,25,2,56,26,1,60,1,2,6,2,3
3610196d-5a0c-455e-98c6-39181197436d,2023-12-09 16:47:29,2023-12-09 16:50:21,0,100,171,1,2023-12-09 16:50:22,EN,0.8999999761581421,1,79,85,5,4,,,,,,,,,,,,,30,2,90,0,1,44,1,2,5,2,1
5d4d609b-623f-4ca4-aae1-d636e9587542,2023-12-09 16:46:46,2023-12-09 16:50:23,0,100,217,1,2023-12-09 16:50:24,EN,0.8999999761581421,1,,,,,50,50,4,2,,,,,,,,,100,2,50,50,2,55,1,6,2,5,3
e65ebfa9-60a8-4b64-bd2e-5a47e809fb89,2023-12-09 16:45:27,2023-12-09 16:50:25,0,100,298,1,2023-12-09 16:50:26,EN,1,1,,,,,,,,,,,,,50,50,3,1,20,2,70,71,1,30,1,5,6,2,3
30740f7c-ce55-443a-90c3-3417fbd66415,2023-12-09 16:35:29,2023-12-09 16:50:31,0,100,901,1,2023-12-09 16:50:31,EN,0.8999999761581421,1,80,71,2,2,,,,,,,,,,,,,15,2,84,72,1,24,1,5,5,3,3
f2bfe9e3-8a6e-4a88-86c7-ee08d7eeecc8,2023-12-09 16:46:34,2023-12-09 16:51:08,0,100,273,1,2023-12-09 16:51:08,EN,1,1,,,,,,,,,81,19,5,5,,,,,10,2,100,100,2,50,1,6,6,5,3
b1a7e0c4-2529-4a8e-aa99-6773d5195792,2023-12-09 16:45:44,2023-12-09 16:51:25,0,100,340,1,2023-12-09 16:51:25,EN,1,1,,,,,60,75,5,3,,,,,,,,,5,2,60,0,1,30,1,1,6,1,1
a8c551ec-d2ae-43e8-a814-21d5cf8211db,2023-12-09 16:46:54,2023-12-09 16:51:31,0,100,276,1,2023-12-09 16:51:31,EN,0.800000011920929,1,,,,,,,,,,,,,81,23,3,2,20,2,84,86,1,47,1,5,4,3,3
4b64bc48-c39f-40ac-99c7-32d3102fa011,2023-12-09 16:39:38,2023-12-09 16:51:46,0,100,727,1,2023-12-09 16:51:46,EN,0.8999999761581421,1,,,,,,,,,73,43,5,2,,,,,16,2,65,10,2,35,1,2,5,2,3
0d8506e1-48e6-4534-8daa-b22d357ae770,2023-12-09 16:43:49,2023-12-09 16:51:47,0,100,477,1,2023-12-09 16:51:47,EN,1,1,80,50,3,4,,,,,,,,,,,,,20,2,86,50,1,36,1,5,5,2,3
3c0dbb68-c28d-4a9e-b0b4-ab3576d07abd,2023-12-09 16:45:44,2023-12-09 16:52:22,0,100,397,1,2023-12-09 16:52:22,EN,0.8999999761581421,1,,,,,50,50,6,1,,,,,,,,,40,2,70,19,2,42,1,2,6,1,1
0713c130-b050-46a7-9917-658bc9450176,2023-12-09 16:43:26,2023-12-09 16:52:43,0,100,557,1,2023-12-09 16:52:44,EN,0.8999999761581421,1,,,,,,,,,66,34,5,4,,,,,180,2,50,50,2,47,1,2,6,1,3
49254fb3-a257-4288-8774-f752184a644c,2023-12-09 16:47:02,2023-12-09 16:54:12,0,100,429,1,2023-12-09 16:54:12,EN,0.8999999761581421,1,,,,,,,,,78,12,6,2,,,,,40,2,57,15,4,26,1,4,5,2,1
990c5faa-15b9-45de-993a-78f2f4c42b26,2023-12-09 16:43:16,2023-12-09 16:56:30,0,100,794,1,2023-12-09 16:56:31,EN,1,1,,,,,42,58,6,4,,,,,,,,,60,2,91,74,5,27,1,3,5,2,1
